{"a_0_dir": [[1], [-1], [1]], "a_0_point": [[0], [0], [0]], "a_1_dir": [[1.0], [-1.0], [1]], "a_1_point": [[1.7270536], [0.66658005], [-1.06047355]], "sigma1": [[-0.1953], [0.3106], [0.5059]], "sigma2": [[-0.5059], [-0.1953], [0.3106]], "p": [[1.7270536], [0.66658005], [-1.06047355]], "p_pr": [[1.38192027], [1.60931339], [0.22739312]], "p_pr_pr": [[1.39372026975547], [2.21871338693955], [-1.39380688281593]]}